Rank,Name,Minimum Net Worth,Average,Maximum Net Worth,Chamber
1,Mark Warner (D-Va),"$80,129,151","$214,092,575","$348,056,000",Senate
2,Greg Gianforte (R-Mont),"$189,334,335","$189,334,335","$189,334,335",House
3,Paul Mitchell (R-Mich),"$75,420,142","$179,610,071","$283,800,000",House
4,Vernon Buchanan (R-Fla),"$32,310,120","$157,169,056","$282,027,993",House
5,Chris Collins (R-NY),"$80,834,052","$154,497,026","$228,160,000",House
6,Don Beyer (D-Va),"$10,881,046","$124,901,516","$238,921,986",House
7,Nancy Pelosi (D-Calif),"-$12,825,949","$114,662,521","$242,150,991",House
8,Dianne Feinstein (D-Calif),"$55,027,069","$87,938,540","$120,850,011",Senate
9,Suzan DelBene (D-Wash),"$33,667,084","$79,361,042","$125,055,000",House
10,Fred Upton (R-Mich),"$32,541,229","$78,965,614","$125,390,000",House
11,Roger Williams (R-Texas),"$44,597,061","$66,980,026","$89,362,992",House
12,Kevin Hern (R-Okla),"$34,505,238","$60,979,615","$87,453,992",House
13,Scott Peters (D-Calif),"$42,982,085","$60,456,054","$77,930,023",House
14,Richard W Allen (R-Ga),"$16,905,053","$52,127,525","$87,349,998",House
15,John Hoeven (R-ND),"$19,263,138","$46,689,569","$74,116,000",Senate
16,Joe Kennedy III (D-Mass),"$21,823,213","$46,546,606","$71,270,000",House
17,Ralph Norman (R-SC),"$5,517,147","$43,398,070","$81,278,994",House
18,Johnny Isakson (R-Ga),"$16,510,042","$43,006,021","$69,502,000",Senate
19,James E Risch (R-Idaho),"$15,174,053","$41,807,024","$68,439,996",Senate
20,Ron Johnson (R-Wis),"$14,101,014","$39,233,507","$64,366,000",Senate
21,Mitch McConnell (R-Ky),"$13,445,069","$34,137,534","$54,830,000",Senate
22,Kenny Marchant (R-Texas),"$12,960,026","$33,738,015","$54,516,004",House
23,Buddy Carter (R-Ga),"$13,829,062","$33,232,031","$52,635,000",House
24,Steven Daines (R-Mont),"$13,442,084","$32,863,042","$52,284,000",Senate
25,Lloyd Doggett (D-Texas),"$14,295,056","$29,723,027","$45,150,999",House
26,Brad Schneider (D-Ill),"$16,143,165","$27,159,082","$38,175,000",House
27,Lamar Alexander (R-Tenn),"-$9,491,902","$25,919,044","$61,329,991",Senate
28,David Perdue (R-Ga),"$10,195,194","$25,822,596","$41,449,999",Senate
29,Nita M Lowey (D-NY),"$9,480,019","$24,765,009","$40,050,000",House
30,Jim Sensenbrenner (R-Wis),"$15,921,438","$21,750,911","$27,580,385",House
31,Phil Roe (R-Tenn),"$19,761,620","$20,218,616","$20,675,613",House
32,Richard C Shelby (R-Ala),"$7,590,027","$19,145,013","$30,700,000",Senate
33,John A Yarmuth (D-Ky),"$5,439,096","$17,075,547","$28,711,999",House
34,Jim Cooper (D-Tenn),"$7,654,050","$16,269,525","$24,885,000",House
35,Michael Bennet (D-Colo),"$6,277,029","$15,706,014","$25,135,000",Senate
36,Liz Cheney (R-Wyo),"$5,671,028","$14,710,513","$23,749,999",House
37,Tom Rice (R-SC),"$5,629,020","$14,569,510","$23,510,000",House
38,Bill Foster (D-Ill),"$7,246,036","$14,130,518","$21,015,000",House
39,Dan Newhouse (R-Wash),"$894,040","$13,777,019","$26,659,998",House
40,Carolyn B Maloney (D-NY),"$5,128,059","$12,999,029","$20,869,999",House
41,Earl Blumenauer (D-Ore),"$4,695,086","$12,561,042","$20,426,998",House
42,Mike Kelly (R-Pa),"$2,493,113","$12,419,056","$22,344,999",House
43,Mike Conaway (R-Texas),"$6,302,179","$12,417,089","$18,532,000",House
44,Ralph Abraham (R-La),"$4,890,050","$12,370,524","$19,850,999",House
45,Markwayne Mullin (R-Okla),"$4,012,026","$11,384,012","$18,755,999",House
46,Ann L Wagner (R-Mo),"$6,655,131","$11,055,565","$15,456,000",House
47,Jackie Speier (D-Calif),"$5,980,059","$11,028,529","$16,077,000",House
48,Thom Tillis (R-NC),"$4,002,094","$10,966,045","$17,929,996",Senate
49,Rob Portman (R-Ohio),"$5,725,090","$10,827,545","$15,930,000",Senate
50,Lisa Blunt Rochester (D-Del),"$5,549,092","$10,692,546","$15,836,000",House
51,Anna Eshoo (D-Calif),"$4,806,022","$10,298,011","$15,790,000",House
52,Chris Coons (D-Del),"$6,678,074","$10,126,038","$13,574,003",Senate
53,Chellie Pingree (D-Maine),"$3,586,013","$9,938,006","$16,290,000",House
54,Neal Dunn (R-Fla),"$4,874,067","$9,529,533","$14,184,999",House
55,Angus King (I-Maine),"$3,477,125","$9,494,061","$15,510,998",Senate
56,Vicky Hartzler (R-Mo),"$3,165,029","$9,395,012","$15,624,995",House
57,Josh Gottheimer (D-NJ),"$3,442,330","$8,935,664","$14,428,999",House
58,Al Lawson (D-Fla),"$4,956,123","$8,673,061","$12,390,000",House
59,Debbie Dingell (D-Mich),"$4,820,144","$8,486,072","$12,152,000",House
60,Brad Sherman (D-Calif),"$3,400,032","$8,427,016","$13,454,000",House
61,John A Barrasso (R-Wyo),"$3,533,013","$8,339,006","$13,145,000",Senate
62,Ken Calvert (R-Calif),"-$4,349,984","$8,000,004","$20,349,992",House
63,Elizabeth Warren (D-Mass),"$4,880,024","$7,977,513","$11,075,002",Senate
64,Kurt Schrader (D-Ore),"$3,443,148","$7,907,573","$12,371,999",House
65,John Curtis (R-Utah),"-$1,870,893","$7,860,050","$17,590,994",House
66,Brett Guthrie (R-Ky),"$3,025,020","$7,663,010","$12,301,000",House
67,Joe Manchin (D-WVa),"$3,473,070","$7,623,534","$11,773,999",Senate
68,Chuck Grassley (R-Iowa),"$4,240,150","$7,550,075","$10,860,000",Senate
69,Sheldon Whitehouse (D-RI),"$3,064,259","$7,443,628","$11,822,998",Senate
70,Richard Burr (R-NC),"$3,426,214","$7,426,213","$11,426,212",Senate
71,Ami Bera (D-Calif),"$3,454,067","$7,420,029","$11,385,992",House
72,Dennis Heck (D-Wash),"$4,437,069","$7,301,034","$10,164,999",House
73,Roger Marshall (R-Kan),"$2,857,100","$7,264,049","$11,670,998",House
74,Jim Himes (D-Conn),"$3,563,044","$7,262,522","$10,962,000",House
75,Joyce Beatty (D-Ohio),"$2,655,029","$7,216,014","$11,777,000",House
76,Judy Chu (D-Calif),"$4,383,063","$7,090,031","$9,797,000",House
77,French Hill (R-Ark),"$3,224,069","$7,035,033","$10,845,998",House
78,Suzanne Bonamici (D-Ore),"$3,491,033","$6,978,016","$10,465,000",House
79,Ron Wyden (D-Ore),"$5,370,048","$6,877,025","$8,384,003",Senate
80,Katherine Clark (D-Mass),"$2,677,119","$6,804,059","$10,930,999",House
81,John Lee Ratcliffe (R-Texas),"$2,465,006","$6,757,503","$11,050,000",House
82,David McKinley (R-WVa),"$3,839,113","$6,739,056","$9,639,000",House
83,Scott Tipton (R-Colo),"$2,978,071","$6,574,035","$10,170,000",House
84,Ted Budd (R-NC),"$2,798,071","$6,400,534","$10,002,998",House
85,Robert B Aderholt (R-Ala),"$2,676,022","$6,370,510","$10,064,999",House
86,Kathy Castor (D-Fla),"$3,001,037","$6,296,518","$9,592,000",House
87,Tom O'Halleran (D-Ariz),"$2,136,011","$6,288,005","$10,440,000",House
88,Steve Cohen (D-Tenn),"$3,448,116","$6,198,058","$8,948,000",House
89,Chuck Fleischmann (R-Tenn),"$3,340,555","$5,958,051","$8,575,548",House
90,Lou Correa (D-Calif),"$3,794,043","$5,940,521","$8,087,000",House
91,Brad Wenstrup (R-Ohio),"$2,077,066","$5,917,032","$9,756,999",House
92,Bill Pascrell Jr. (D-NJ),"$2,635,041","$5,757,020","$8,879,000",House
93,Maria Cantwell (D-Wash),"$1,094,022","$5,756,508","$10,418,994",Senate
94,Tom Carper (D-Del),"$2,833,192","$5,726,595","$8,619,999",Senate
95,Roy Blunt (R-Mo),"$2,599,022","$5,704,510","$8,809,999",Senate
96,Mike Thompson (D-Calif),"$3,434,046","$5,672,022","$7,909,999",House
97,Pete Olson (R-Texas),"$2,605,038","$5,665,019","$8,725,000",House
98,Peter Welch (D-Vt),"$3,013,128","$5,567,564","$8,122,000",House
99,Al Green (D-Texas),"$2,467,014","$5,373,507","$8,280,000",House
100,James Comer (R-Ky),"$1,920,024","$5,285,011","$8,649,998",House
101,Tom Cole (R-Okla),"$3,186,060","$5,251,030","$7,316,000",House
102,Doug Jones (D-Ala),"$2,226,130","$5,209,563","$8,192,997",Senate
103,Robert E Latta (R-Ohio),"$3,147,063","$5,188,531","$7,230,000",House
104,John Garamendi (D-Calif),"$2,356,016","$5,168,508","$7,981,000",House
105,James M Inhofe (R-Okla),"$2,368,012","$5,157,006","$7,946,000",Senate
106,Stephanie Murphy (D-Fla),"$2,888,035","$4,985,016","$7,081,998",House
107,Mary Gay Scanlon (D-Pa),"$2,770,069","$4,924,533","$7,078,998",House
108,Jim Costa (D-Calif),"$1,894,028","$4,902,513","$7,910,999",House
109,George Holding (R-NC),"$1,938,024","$4,876,510","$7,814,997",House
110,Catherine Cortez Masto (D-Nev),"$2,350,042","$4,601,020","$6,851,998",Senate
111,Mike Rounds (R-SD),"-$1,442,935","$4,532,031","$10,506,998",Senate
112,Andy Biggs (R-Ariz),"$1,953,009","$4,512,004","$7,070,999",House
113,Blake Farenthold (R-Texas),"$3,410,600","$4,405,582","$5,400,564",House
114,Gary Peters (D-Mich),"$1,750,211","$4,368,105","$6,985,999",Senate
115,Justin Amash (R-Mich),"$1,202,037","$4,366,518","$7,530,999",House
116,Mazie K Hirono (D-Hawaii),"$2,661,039","$4,339,019","$6,017,000",Senate
117,Daniel Lipinski (D-Ill),"$2,557,054","$4,256,027","$5,955,000",House
118,Collin Peterson (D-Minn),"$1,816,008","$4,241,504","$6,667,000",House
119,Cindy Hyde-Smith (R-Miss),"$1,921,089","$4,175,541","$6,429,994",Senate
120,Jamie Raskin (D-Md),"$2,314,073","$4,162,036","$6,010,000",House
121,Susan Collins (R-Maine),"$2,255,087","$4,124,043","$5,993,000",Senate
122,Zoe Lofgren (D-Calif),"$2,143,093","$3,844,546","$5,546,000",House
123,Jeanne Shaheen (D-NH),"-$344,974","$3,823,005","$7,990,984",Senate
124,Blaine Luetkemeyer (R-Mo),"$1,466,006","$3,765,503","$6,065,000",House
125,Jon Tester (D-Mont),"$1,284,008","$3,672,003","$6,059,999",Senate
126,Virginia Foxx (R-NC),"$2,240,032","$3,670,516","$5,101,000",House
127,David Price (D-NC),"$1,910,084","$3,568,042","$5,226,000",House
128,Ted Lieu (D-Calif),"$1,049,040","$3,533,519","$6,017,999",House
129,Kamala Harris (D-Calif),"$1,592,053","$3,499,026","$5,405,999",Senate
130,Doug LaMalfa (R-Calif),"$1,281,008","$3,498,504","$5,716,000",House
131,Bill Flores (R-Texas),"$3,490,195","$3,490,195","$3,490,195",House
132,Maggie Hassan (D-NH),"$1,478,086","$3,467,042","$5,455,998",Senate
133,Susan Brooks (R-Ind),"$2,412,037","$3,428,519","$4,445,001",House
134,David P Joyce (R-Ohio),"$1,905,063","$3,415,031","$4,925,000",House
135,Frank Pallone Jr. (D-NJ),"$1,768,105","$3,413,551","$5,058,998",House
136,John Carter (R-Texas),"$1,067,008","$3,373,503","$5,679,999",House
137,Matt Cartwright (D-Pa),"$3,305,306","$3,305,306","$3,305,306",House
138,Andy Harris (R-Md),"$1,918,038","$3,244,519","$4,571,000",House
139,Ted Cruz (R-Texas),"-$9,027,848","$3,198,068","$15,423,985",Senate
140,Ben Cardin (D-Md),"$1,602,092","$3,112,546","$4,623,000",Senate
141,Diana DeGette (D-Colo),"$1,680,051","$3,095,025","$4,509,999",House
142,Ted Yoho (R-Fla),"$2,015,944","$3,089,937","$4,163,931",House
143,David Kustoff (R-Tenn),"$1,590,084","$3,048,541","$4,506,999",House
144,Alan Lowenthal (D-Calif),"$1,301,143","$3,015,071","$4,729,000",House
145,Pat Roberts (R-Kan),"$1,680,030","$2,966,514","$4,252,999",Senate
146,Bob Gibbs (R-Ohio),"$1,587,064","$2,947,531","$4,307,999",House
147,Bill Keating (D-Mass),"$1,708,042","$2,940,021","$4,172,000",House
148,Tom Suozzi (D-NY),"$1,657,067","$2,932,533","$4,208,000",House
149,Susan Davis (D-Calif),"$1,674,042","$2,817,021","$3,960,000",House
150,Thomas Massie (R-Ky),"$703,004","$2,816,501","$4,929,998",House
151,Lloyd Smucker (R-Pa),"$435,010","$2,810,002","$5,184,995",House
152,Ben Sasse (R-Neb),"$281,015","$2,788,007","$5,294,999",Senate
153,Billy Long (R-Mo),"$1,152,045","$2,783,022","$4,413,999",House
154,Deb Fischer (R-Neb),"$122,012","$2,776,005","$5,429,998",Senate
155,Ann Kuster (D-NH),"$2,145,625","$2,762,620","$3,379,616",House
156,Don Norcross (D-NJ),"$1,446,068","$2,744,534","$4,043,000",House
157,James P McGovern (D-Mass),"$381,005","$2,698,001","$5,014,998",House
158,Gerry Connolly (D-Va),"$1,405,047","$2,650,022","$3,894,997",House
159,Jeff Merkley (D-Ore),"$980,019","$2,603,008","$4,225,998",Senate
160,Lois J Frankel (D-Fla),"$939,176","$2,588,088","$4,237,000",House
161,Greg Walden (R-Ore),"$1,556,033","$2,574,016","$3,592,000",House
162,Rosa L DeLauro (D-Conn),"$131,007","$2,541,002","$4,950,997",House
163,David Scott (D-Ga),"$151,004","$2,508,001","$4,864,998",House
164,Nanette Barragan (D-Calif),"$21,016","$2,435,507","$4,849,998",House
165,Austin Scott (R-Ga),"$1,155,044","$2,397,020","$3,638,997",House
166,Dan Sullivan (R-Alaska),"$986,042","$2,372,519","$3,758,997",Senate
167,Michael Burgess (R-Texas),"$1,326,054","$2,328,027","$3,330,000",House
168,Brian Babin (R-Texas),"$1,034,102","$2,287,551","$3,541,000",House
169,Shelley Moore Capito (R-WVa),"-$224,830","$2,149,080","$4,522,991",Senate
170,Mike Enzi (R-Wyo),"$1,042,056","$2,137,028","$3,232,000",Senate
171,Eleanor Holmes Norton (D-DC),"$1,162,038","$2,084,019","$3,006,000",House
172,Pat Toomey (R-Pa),"$721,060","$2,038,029","$3,354,998",Senate
173,Tom Udall (D-NM),"$635,032","$1,985,515","$3,335,998",Senate
174,Martha Roby (R-Ala),"$1,058,047","$1,948,523","$2,839,000",House
175,Mike Simpson (R-Idaho),"$1,023,041","$1,944,519","$2,865,998",House
176,Gary Palmer (R-Ala),"$796,088","$1,918,044","$3,040,000",House
177,Cathy McMorris Rodgers (R-Wash),"$985,027","$1,892,513","$2,799,999",House
178,John Cornyn (R-Texas),"$1,074,046","$1,884,522","$2,694,999",Senate
179,Dutch Ruppersberger (D-Md),"$1,131,021","$1,860,510","$2,590,000",House
180,Ron Kind (D-Wis),"$1,145,018","$1,835,009","$2,525,000",House
181,Pete Visclosky (D-Ind),"$964,037","$1,775,018","$2,586,000",House
182,Jerry Moran (R-Kan),"$749,079","$1,759,539","$2,769,999",Senate
183,Susan Wild (D-Pa),"$839,032","$1,746,015","$2,652,999",House
184,Larry Bucshon (R-Ind),"$960,040","$1,744,520","$2,529,000",House
185,John Rutherford (R-Fla),"$712,109","$1,712,054","$2,712,000",House
186,Tina Smith (D-Minn),"-$3,638,944","$1,696,020","$7,030,984",Senate
187,Patty Murray (D-Wash),"$839,022","$1,687,010","$2,534,999",Senate
188,Rob Wittman (R-Va),"-$256,872","$1,645,563","$3,547,998",House
189,Mike D Rogers (R-Ala),"$152,026","$1,601,011","$3,049,996",House
190,Juan Vargas (D-Calif),"$17,009","$1,591,002","$3,164,995",House
191,Raja Krishnamoorthi (D-Ill),"$482,030","$1,581,013","$2,679,997",House
192,Julia Brownley (D-Calif),"$207,036","$1,569,516","$2,931,997",House
193,Frederica Wilson (D-Fla),"$960,011","$1,555,005","$2,150,000",House
194,David Cicilline (D-RI),"$1,017,006","$1,548,503","$2,080,000",House
195,Peter DeFazio (D-Ore),"$910,020","$1,519,010","$2,128,000",House
196,Stephen F Lynch (D-Mass),"$807,018","$1,519,008","$2,230,999",House
197,Lisa Murkowski (R-Alaska),"$817,024","$1,499,011","$2,180,999",Senate
198,Bill Huizenga (R-Mich),"$926,022","$1,498,511","$2,071,000",House
199,Jared Huffman (D-Calif),"$811,045","$1,478,522","$2,146,000",House
200,Charlie Crist (D-Fla),"$902,011","$1,442,005","$1,982,000",House
201,Adam Schiff (D-Calif),"$796,024","$1,436,011","$2,075,999",House
202,Bobby Scott (D-Va),"$566,071","$1,422,035","$2,277,999",House
203,Elijah E Cummings (D-Md),"$636,005","$1,420,501","$2,204,998",House
204,Pat Tiberi (R-Ohio),"$687,041","$1,399,520","$2,111,999",House
205,Dwight Evans (D-Pa),"$489,051","$1,354,524","$2,219,998",House
206,Frank D Lucas (R-Okla),"$485,013","$1,352,504","$2,219,995",House
207,Debbie Lesko (R-Ariz),"$767,030","$1,348,515","$1,930,000",House
208,Doris Matsui (D-Calif),"$763,014","$1,279,007","$1,795,000",House
209,Don Young (R-Alaska),"$782,009","$1,256,004","$1,730,000",House
210,Donald McEachin (D-Va),"$733,012","$1,232,505","$1,731,999",House
211,Bradley Byrne (R-Ala),"$700,037","$1,230,518","$1,761,000",House
212,Jeff Duncan (R-SC),"$593,015","$1,222,005","$1,850,996",House
213,Drew Ferguson (R-Ga),"$684,026","$1,197,513","$1,711,000",House
214,Mo Brooks (R-Ala),"$527,059","$1,191,529","$1,856,000",House
215,Jodey Arrington (R-Texas),"$616,031","$1,190,515","$1,765,000",House
216,Steve Stivers (R-Ohio),"$591,041","$1,181,020","$1,771,000",House
217,Brenda Lawrence (D-Mich),"$621,021","$1,173,010","$1,724,999",House
218,Sean Patrick Maloney (D-NY),"$754,006","$1,157,003","$1,560,000",House
219,Mike Doyle (D-Pa),"$531,039","$1,153,019","$1,774,999",House
220,Tammy Baldwin (D-Wis),"$434,008","$1,147,003","$1,859,998",Senate
221,Charles E Schumer (D-NY),"$370,043","$1,122,521","$1,874,999",Senate
222,Glenn S Grothman (R-Wis),"$635,015","$1,105,007","$1,575,000",House
223,Vicente Gonzalez (D-Texas),"$1,090,921","$1,090,921","$1,090,921",House
224,Paul Cook (R-Calif),"$629,016","$1,070,508","$1,512,000",House
225,Ron Estes (R-Kan),"$489,047","$1,055,023","$1,621,000",House
226,Ken Buck (R-Colo),"$416,027","$1,053,013","$1,689,999",House
227,Paul Gosar (R-Ariz),"$650,002","$1,050,000","$1,449,999",House
228,John Bergman (R-Mich),"$647,010","$1,014,005","$1,381,000",House
229,Clarence Thomas,"$575,009","$1,000,004","$1,425,000",Judicial
230,Joe Courtney (D-Conn),"$442,045","$987,022","$1,532,000",House
231,Lindsey Graham (R-SC),"$258,046","$969,022","$1,679,999",Senate
232,Cheri Bustos (D-Ill),"$532,020","$956,010","$1,380,000",House
233,Steve Chabot (R-Ohio),"$510,027","$955,513","$1,401,000",House
234,Bill Johnson (R-Ohio),"$417,037","$948,518","$1,480,000",House
235,Mike Crapo (R-Idaho),"$204,044","$944,521","$1,684,999",Senate
236,Evan Jenkins (R-WVa),"$399,046","$920,023","$1,441,000",House
237,Grace Napolitano (D-Calif),"$36,012","$913,004","$1,789,996",House
238,Steven Palazzo (R-Miss),"$172,006","$908,501","$1,644,997",House
239,Ted Deutch (D-Fla),"$357,050","$907,525","$1,458,000",House
240,Bennie G Thompson (D-Miss),"$469,023","$889,511","$1,310,000",House
241,Scott Perry (R-Pa),"$355,019","$877,508","$1,399,998",House
242,Mike Gallagher (R-Wis),"$466,016","$853,007","$1,239,999",House
243,Don Bacon (R-Neb),"$494,013","$852,006","$1,210,000",House
244,Cory Gardner (R-Colo),"$326,038","$850,518","$1,374,999",Senate
245,Hakeem Jeffries (D-NY),"$452,024","$841,012","$1,230,000",House
246,Val Demings (D-Fla),"$468,008","$824,003","$1,179,999",House
247,Daniel Webster (R-Fla),"$483,008","$814,004","$1,145,000",House
248,Tim Kaine (D-Va),"$409,018","$811,008","$1,212,999",Senate
249,Cory Booker (D-NJ),"$515,006","$807,503","$1,100,000",Senate
250,Bill Posey (R-Fla),"$432,010","$807,004","$1,181,999",House
251,John Shimkus (R-Ill),"$251,007","$803,003","$1,354,999",House
252,Maxine Waters (D-Calif),"-$3,579,987","$793,006","$5,165,999",House
253,Rand Paul (R-Ky),"$170,041","$773,520","$1,376,999",Senate
254,Marcia L Fudge (D-Ohio),"$256,011","$773,004","$1,289,998",House
255,Kevin Brady (R-Texas),"$405,026","$766,513","$1,128,000",House
256,Patrick McHenry (R-NC),"$393,015","$765,007","$1,137,000",House
257,Jan Schakowsky (D-Ill),"$258,036","$749,017","$1,239,998",House
258,Nydia M Velazquez (D-NY),"$485,001","$737,500","$990,000",House
259,Seth Moulton (D-Mass),"$180,069","$728,534","$1,277,000",House
260,G K Butterfield (D-NC),"-$255,981","$727,007","$1,709,995",House
261,Grace Meng (D-NY),"$139,047","$708,522","$1,277,998",House
262,David Rouzer (R-NC),"$369,023","$703,011","$1,037,000",House
263,Tammy Duckworth (D-Ill),"$139,063","$697,531","$1,255,999",Senate
264,Rick Larsen (D-Wash),"$372,019","$676,509","$981,000",House
265,Randy Weber (R-Texas),"$250,008","$676,003","$1,101,999",House
266,Mark Meadows (R-NC),"$66,022","$666,010","$1,265,999",House
267,Bonnie Coleman (D-NJ),"$350,002","$642,500","$934,998",House
268,Darren Soto (D-Fla),"-$17,990","$641,002","$1,299,995",House
269,David Schweikert (R-Ariz),"$286,011","$618,004","$949,998",House
270,Eddie Bernice Johnson (D-Texas),"$266,003","$615,501","$964,999",House
271,Bob Casey (D-Pa),"$142,020","$609,007","$1,075,995",Senate
272,Henry Cuellar (D-Texas),"$19,018","$602,008","$1,184,999",House
273,Derek Kilmer (D-Wash),"$180,043","$596,521","$1,012,999",House
274,Mac Thornberry (R-Texas),"$104,006","$582,002","$1,059,999",House
275,Robert Menendez (D-NJ),"$303,005","$541,502","$779,999",Senate
276,Adrian Smith (R-Neb),"$256,016","$535,508","$815,000",House
277,Pete King (R-NY),"$350,003","$525,001","$700,000",House
278,Dan Kildee (D-Mich),"$295,006","$522,503","$750,000",House
279,John Sarbanes (D-Md),"$298,010","$521,505","$745,000",House
280,Bernie Sanders (I-Vt),"-$27,973","$513,513","$1,054,999",Senate
281,Bruce Westerman (R-Ark),"$214,025","$512,012","$810,000",House
282,Linda Sanchez (D-Calif),"-$73,979","$508,508","$1,090,996",House
283,Charlie Dent (R-Pa),"$210,032","$507,016","$804,000",House
284,David Loebsack (D-Iowa),"$258,013","$502,006","$746,000",House
285,Tom Cotton (R-Ark),"$229,017","$498,008","$767,000",Senate
286,Tom Graves (R-Ga),"$38,027","$491,512","$944,998",House
287,Raul Ruiz (D-Calif),"$217,005","$491,001","$764,998",House
288,Michael R Turner (R-Ohio),"$183,029","$489,514","$796,000",House
289,Ruben Gallego (D-Ariz),"$189,013","$479,505","$769,998",House
290,Sam Graves (R-Mo),"-$4,339,490","$473,002","$5,285,494",House
291,John B Larson (D-Conn),"$91,050","$466,025","$841,000",House
292,Warren Davidson (R-Ohio),"-$4,003,989","$457,004","$4,917,998",House
293,Hal Rogers (R-Ky),"$322,330","$446,327","$570,324",House
294,Ed Perlmutter (D-Colo),"$117,043","$437,521","$758,000",House
295,Andy Barr (R-Ky),"$224,013","$429,506","$635,000",House
296,Danny K Davis (D-Ill),"$266,009","$418,504","$571,000",House
297,Karen Bass (D-Calif),"$266,003","$415,501","$565,000",House
298,Mike Lee (R-Utah),"$208,010","$414,005","$620,000",Senate
299,Adam Kinzinger (R-Ill),"$161,007","$413,003","$664,999",House
300,John Moolenaar (R-Mich),"$103,042","$412,521","$722,000",House
301,Alma Adams (D-NC),"$265,002","$407,501","$550,000",House
302,Garret Graves (R-La),"$156,027","$400,013","$644,000",House
303,Tom Reed (R-NY),"$182,006","$398,502","$614,999",House
304,Douglas L Lamborn (R-Colo),"$114,016","$397,007","$679,998",House
305,Jim Banks (R-Ind),"$168,022","$395,011","$622,000",House
306,Adam Smith (D-Wash),"$220,012","$393,006","$566,000",House
307,Mark Pocan (D-Wis),"$200,002","$385,000","$569,998",House
308,Chris Stewart (R-Utah),"$251,002","$383,001","$515,000",House
309,Jackie Walorski (R-Ind),"$143,025","$382,012","$621,000",House
310,Brian Mast (R-Fla),"$169,713","$370,702","$571,692",House
311,Mark Amodei (R-Nev),"$102,005","$366,002","$629,999",House
312,Steve Womack (R-Ark),"$205,008","$365,004","$525,000",House
313,Rodney Davis (R-Ill),"$140,021","$357,510","$575,000",House
314,Lucille Roybal-Allard (D-Calif),"-$825,992","$357,002","$1,539,996",House
315,Darin LaHood (R-Ill),"$108,029","$341,514","$575,000",House
316,Glenn Thompson (R-Pa),"$172,010","$338,505","$505,000",House
317,Joe Wilson (R-SC),"-$564,992","$337,501","$1,239,994",House
318,William L Clay Jr. (D-Mo),"-$7,984","$336,007","$679,999",House
319,Morgan Griffith (R-Va),"$1,006","$333,001","$664,997",House
320,Terri A Sewell (D-Ala),"$145,013","$330,006","$515,000",House
321,Matt Gaetz (R-Fla),"$104,013","$312,006","$519,999",House
322,John Thune (R-SD),"$51,025","$310,512","$569,999",Senate
323,Martin Heinrich (D-NM),"-$361,964","$309,017","$979,998",Senate
324,Kirsten Gillibrand (D-NY),"$162,008","$296,004","$430,000",Senate
325,Steven A. King (R-Iowa),"$140,014","$295,007","$450,000",House
326,Brendan Boyle (D-Pa),"-$169,994","$295,001","$759,996",House
327,Jim Jordan (R-Ohio),"$147,007","$289,003","$431,000",House
328,Joseph D Morelle (D-NY),"$98,024","$285,512","$473,000",House
329,Tim Walberg (R-Mich),"$101,017","$283,008","$465,000",House
330,Elise Stefanik (R-NY),"-$71,983","$282,007","$635,998",House
331,Ben Ray Lujan (D-NM),"$153,005","$274,002","$395,000",House
332,Debbie Wasserman Schultz (D-Fla),"-$240,956","$270,521","$781,998",House
333,Jimmy Gomez (D-Calif),"$75,013","$267,506","$459,999",House
334,Mike Bost (R-Ill),"-$37,990","$264,004","$565,998",House
335,Jimmy Panetta (D-Calif),"$30,036","$263,517","$496,999",House
336,Sherrod Brown (D-Ohio),"-$163,988","$263,005","$689,998",Senate
337,Barbara Lee (D-Calif),"$154,008","$257,504","$361,000",House
338,Raul M Grijalva (D-Ariz),"$70,021","$235,010","$400,000",House
339,Robin Kelly (D-Ill),"$132,006","$231,003","$330,000",House
340,Rob Woodall (R-Ga),"$106,007","$223,003","$340,000",House
341,Kevin McCarthy (R-Calif),"$81,006","$223,002","$364,999",House
342,Devin Nunes (R-Calif),"$131,005","$223,002","$315,000",House
343,Mark Takano (D-Calif),"$116,005","$216,502","$317,000",House
344,Pramila Jayapal (D-Wash),"-$816,963","$214,017","$1,244,998",House
345,Chris Smith (R-NJ),"$212,012","$212,012","$212,012",House
346,Michael Cloud (R-Texas),"$89,012","$212,006","$335,000",House
347,Yvette D Clarke (D-NY),"$115,002","$207,501","$300,000",House
348,Mark Desaulnier (D-Calif),"$103,004","$199,002","$295,000",House
349,Patrick Meehan (R-Pa),"$55,015","$198,007","$341,000",House
350,Gregorio Sablan (D-NMI),"$98,007","$196,503","$295,000",House
351,Amata Coleman Radewagen (R-AS),"$46,018","$193,009","$340,000",House
352,James E Clyburn (D-SC),"$97,008","$189,504","$282,000",House
353,Anthony Brown (D-Md),"$97,006","$188,503","$280,000",House
354,Jerry McNerney (D-Calif),"$101,003","$183,501","$266,000",House
355,Richard E Neal (D-Mass),"$77,010","$180,005","$283,000",House
356,Kay Granger (R-Texas),"-$184,995","$157,502","$499,999",House
357,Marcy Kaptur (D-Ohio),"-$110,985","$155,006","$420,998",House
358,Sanford Bishop (D-Ga),"$87,004","$153,502","$220,000",House
359,Scott Desjarlais (R-Tenn),"-$118,987","$153,005","$424,998",House
360,Alex Mooney (R-WVa),"$39,011","$137,005","$235,000",House
361,Richard Hudson (R-NC),"$14,017","$133,008","$252,000",House
362,Jerrold Nadler (D-NY),"$32,006","$121,003","$210,000",House
363,Pete Aguilar (D-Calif),"$34,008","$117,504","$201,000",House
364,James Lankford (R-Okla),"-$159,980","$116,509","$392,999",Senate
365,Donald M Payne Jr. (D-NJ),"$66,005","$116,502","$167,000",House
366,Jack Reed (D-RI),"-$561,945","$107,026","$775,998",Senate
367,Jody Hice (R-Ga),"$32,005","$101,002","$170,000",House
368,Conor Lamb (D-Pa),$1,"$100,000","$199,999",House
369,Jeff Fortenberry (R-Neb),"-$4,150,991","$97,003","$4,344,997",House
370,Gus Bilirakis (R-Fla),"-$273,965","$96,016","$465,998",House
371,Mario Diaz-Balart (R-Fla),"$21,009","$81,504","$142,000",House
372,Albio Sires (D-NJ),"$32,004","$81,002","$130,000",House
373,Salud Carbajal (D-Calif),"-$37,994","$81,002","$199,998",House
374,Steny H Hoyer (D-Md),"$50,003","$76,001","$102,000",House
375,Jose E Serrano (D-NY),"$50,001","$75,000","$100,000",House
376,Will Hurd (R-Texas),"$9,009","$72,004","$135,000",House
377,Kathleen Rice (D-NY),"-$15,994","$64,502","$144,999",House
378,Brian M Higgins (D-NY),"$8,008","$64,004","$120,000",House
379,Mike Quigley (D-Ill),"$35,001","$62,500","$90,000",House
380,Ron DeSantis (R-Fla),"-$11,996","$54,001","$119,999",House
381,Troy Balderson (R-Ohio),"$17,003","$48,501","$80,000",House
382,Steve Scalise (R-La),$1,"$42,500","$84,999",House
383,Norma Torres (D-Calif),"-$233,995","$41,502","$316,999",House
384,Barry Loudermilk (R-Ga),"$16,002","$40,501","$65,000",House
385,Rob Bishop (R-Utah),"$16,002","$40,501","$65,000",House
386,Tom McClintock (R-Calif),"$16,002","$40,501","$65,000",House
387,Sean P Duffy (R-Wis),"-$290,990","$39,504","$369,998",House
388,Tulsi Gabbard (D-Hawaii),"-$508,992","$36,003","$580,999",House
389,Tom Emmer (R-Minn),"-$134,998","$32,500","$199,999",House
390,Louis B Gohmert Jr. (R-Texas),"$15,001","$32,500","$50,000",House
391,Debbie Stabenow (D-Mich),"$15,001","$32,500","$50,000",Senate
392,Betty McCollum (D-Minn),"$4,004","$32,002","$60,000",House
393,John Lewis (D-Ga),"$1,005","$10,002","$19,000",House
394,Paul Tonko (D-NY),"$1,001","$8,000","$15,000",House
395,Jaime Herrera Beutler (R-Wash),"$1,001","$8,000","$15,000",House
396,Adriano Espaillat (D-NY),"$1,001","$8,000","$15,000",House
397,Clay Higgins (R-La),$0,$0,$0,House
398,Rick Crawford (R-Ark),$0,$0,$0,House
399,Gwen Moore (D-Wis),$0,$0,$0,House
400,Amy Klobuchar (D-Minn),$0,$0,$0,Senate
401,Lee Zeldin (R-NY),$0,$0,$0,House
402,Gregory W Meeks (D-NY),$0,$0,$0,House
403,Tim Ryan (D-Ohio),"-$164,991","-$1,997","$160,997",House
404,Jason Smith (R-Mo),"-$1,786,970","-$5,490","$1,775,990",House
405,Duncan D. Hunter (R-Calif),"-$15,000","-$12,500","-$10,000",House
406,Andre Carson (D-Ind),"-$48,999","-$24,500",-$1,House
407,Eliot L Engel (D-NY),"-$182,995","-$31,498","$119,999",House
408,Mike Johnson (R-La),"-$50,000","-$32,500","-$15,001",House
409,Eric Swalwell (D-Calif),"-$113,998","-$37,000","$39,998",House
410,Tony Cardenas (D-Calif),"-$299,991","-$47,499","$204,992",House
411,John Katko (R-NY),"-$98,999","-$67,000","-$35,001",House
412,Jenniffer Gonzalez (3-PR),"-$100,000","-$75,000","-$50,001",House
413,Marc Veasey (D-Texas),"-$194,993","-$79,498","$35,997",House
414,Patrick Leahy (D-Vt),"-$330,992","-$85,496","$159,999",Senate
415,Stacey Plaskett (D-VI),"-$115,000","-$87,500","-$60,001",House
416,Hank Johnson (D-Ga),"-$219,998","-$109,999",-$1,House
417,Mark Walker (R-NC),"-$165,000","-$110,001","-$55,003",House
418,Brian Fitzpatrick (R-Pa),"-$678,998","-$124,500","$429,997",House
419,Trent Kelly (R-Miss),"-$200,000","-$140,001","-$80,003",House
420,Christopher S Murphy (D-Conn),"-$1,069,978","-$149,991","$769,996",Senate
421,Roger Wicker (R-Miss),"-$788,986","-$180,995","$426,995",Senate
422,Sheila Jackson Lee (D-Texas),"-$681,993","-$181,001","$319,991",House
423,Joni Ernst (R-Iowa),"-$783,966","-$196,984","$389,998",Senate
424,Doug Collins (R-Ga),"-$747,988","-$246,494","$254,999",House
425,Brian Schatz (D-Hawaii),"-$1,242,983","-$554,493","$133,997",Senate
426,Tim Scott (R-SC),"-$1,862,988","-$1,053,997","-$245,007",Senate
427,Jim Langevin (D-RI),"-$3,812,969","-$1,078,494","$1,655,980",House
428,Bill Cassidy (R-La),"-$3,001,937","-$1,115,970","$769,996",Senate
429,Marco Rubio (R-Fla),"-$1,896,988","-$1,262,995","-$629,002",Senate
430,Todd Young (R-Ind),"-$1,995,994","-$1,392,999","-$790,005",Senate
431,Bobby L Rush (D-Ill),"-$4,499,999","-$2,250,000",-$1,House
432,Emanuel Cleaver (D-Mo),"-$4,623,988","-$2,266,995","$89,998",House
433,Alcee L Hastings (D-Fla),"-$12,097,998","-$7,549,002","-$3,000,006",House
,,,,,
,,,,,
,,,,,
,,,,,
,,,,,
,,,,,
,,,,,
,,,,,
,,,,,
,,,,,
